admin,100,Freelance Income
admin,100,Freelance Income
admin,100,Hourly Wages
admin,100,Hourly Wages
admin,200,Freelance Income
admin,100,Work
admin,100,Work
admin,100,Work
admin,100,work
admin,100,Work
admin,-1,Bonuses
admin,-1,Bonuses
admin,-1,Bonuses
admin,-1,Bonuses
admin,-1,Bonuses
admin,-1,Bonuses
admin,-1,Bonuses
admin,-1,Bonuses
admin,-1,Bonuses
admin,-1,Bonuses
admin,-1,Bonuses
admin,-1,Bonuses
admin,-1,Bonuses
admin,-1,Bonuses
admin,-1,Bonuses
admin,-1,Bonuses
admin,-1,Bonuses
admin,-1,Bonuses
admin,-1,Bonuses
admin,-1,Bonuses
admin,-1,Bonuses
admin,0,Bonuses
admin,0,Bonuses
admin,0,Bonuses
admin,0,Bonuses
admin,0,Social Security
admin,0,Social Security
admin,0,Social Security
admin,0,Social Security
admin,0,Social Security
admin,0.5,Social Security
admin,0.5,Social Security
admin,0.5,Social Security
admin,0.5,Social Security
admin,0.5,Social Security
admin,0.5,Social Security
admin,0.5,Social Security
admin,0.5,Social Security
admin,0.5,Social Security
admin,0.5,Social Security
admin,0.5,Social Security
admin,0.5,Social Security
admin,0.5,Social Security
admin,1000,Bonuses
admin,21,Bonuses
admin,500,Social Security
admin,100000,Investments Income
